product_id,product_name,category_name,description,store_name,base_price,default_image_url
P0001,Mineral Water,Frozen,Standard pack of mineral water,Justin Groceries,11.94,/images/p/P0001.jpg
P0001,Mineral Water,Frozen,Standard pack of mineral water,Mio Mart,11.99,/images/p/P0001.jpg
P0001,Mineral Water,Frozen,Standard pack of mineral water,Austin Fresh,11.73,/images/p/P0001.jpg
P0001,Mineral Water,Frozen,Standard pack of mineral water,Aadarsh Deals,11.95,/images/p/P0001.jpg
P0002,Lettuce,Fruit,Standard pack of lettuce,Justin Groceries,12.87,/images/p/P0002.jpg
P0002,Lettuce,Fruit,Standard pack of lettuce,Mio Mart,12.86,/images/p/P0002.jpg
P0002,Lettuce,Fruit,Standard pack of lettuce,Austin Fresh,12.53,/images/p/P0002.jpg
P0002,Lettuce,Fruit,Standard pack of lettuce,Aadarsh Deals,12.8,/images/p/P0002.jpg
P0003,Custard,Meat,Standard pack of custard,Justin Groceries,8.12,/images/p/P0003.jpg
P0003,Custard,Meat,Standard pack of custard,Mio Mart,8.09,/images/p/P0003.jpg
P0003,Custard,Meat,Standard pack of custard,Austin Fresh,8.1,/images/p/P0003.jpg
P0003,Custard,Meat,Standard pack of custard,Aadarsh Deals,8.27,/images/p/P0003.jpg
P0004,Trash Bag,Fruit,Standard pack of trash bag,Justin Groceries,1.73,/images/p/P0004.jpg
P0004,Trash Bag,Fruit,Standard pack of trash bag,Mio Mart,2.11,/images/p/P0004.jpg
P0004,Trash Bag,Fruit,Standard pack of trash bag,Austin Fresh,1.92,/images/p/P0004.jpg
P0004,Trash Bag,Fruit,Standard pack of trash bag,Aadarsh Deals,1.68,/images/p/P0004.jpg
P0005,Ice Cream,Snacks,Standard pack of ice cream,Justin Groceries,14.17,/images/p/P0005.jpg
P0005,Ice Cream,Snacks,Standard pack of ice cream,Mio Mart,14.42,/images/p/P0005.jpg
P0005,Ice Cream,Snacks,Standard pack of ice cream,Austin Fresh,14.24,/images/p/P0005.jpg
P0005,Ice Cream,Snacks,Standard pack of ice cream,Aadarsh Deals,14.23,/images/p/P0005.jpg
P0006,Frozen Broccoli,Snacks,Standard pack of frozen broccoli,Justin Groceries,3.34,/images/p/P0006.jpg
P0006,Frozen Broccoli,Snacks,Standard pack of frozen broccoli,Mio Mart,3.3,/images/p/P0006.jpg
P0006,Frozen Broccoli,Snacks,Standard pack of frozen broccoli,Austin Fresh,3.34,/images/p/P0006.jpg
P0006,Frozen Broccoli,Snacks,Standard pack of frozen broccoli,Aadarsh Deals,3.36,/images/p/P0006.jpg
P0007,Bleach,Health,Standard pack of bleach,Justin Groceries,3.08,/images/p/P0007.jpg
P0007,Bleach,Health,Standard pack of bleach,Mio Mart,3.08,/images/p/P0007.jpg
P0007,Bleach,Health,Standard pack of bleach,Austin Fresh,3.39,/images/p/P0007.jpg
P0007,Bleach,Health,Standard pack of bleach,Aadarsh Deals,2.98,/images/p/P0007.jpg
P0008,Carrot,Snacks,Standard pack of carrot,Justin Groceries,9.09,/images/p/P0008.jpg
P0008,Carrot,Snacks,Standard pack of carrot,Mio Mart,9.0,/images/p/P0008.jpg
P0008,Carrot,Snacks,Standard pack of carrot,Austin Fresh,8.71,/images/p/P0008.jpg
P0008,Carrot,Snacks,Standard pack of carrot,Aadarsh Deals,9.03,/images/p/P0008.jpg
P0009,Deodorant,Household,Standard pack of deodorant,Justin Groceries,12.95,/images/p/P0009.jpg
P0009,Deodorant,Household,Standard pack of deodorant,Mio Mart,13.16,/images/p/P0009.jpg
P0009,Deodorant,Household,Standard pack of deodorant,Austin Fresh,13.2,/images/p/P0009.jpg
P0009,Deodorant,Household,Standard pack of deodorant,Aadarsh Deals,12.94,/images/p/P0009.jpg
P0010,Frozen Soup,Household,Standard pack of frozen soup,Justin Groceries,4.6,/images/p/P0010.jpg
P0010,Frozen Soup,Household,Standard pack of frozen soup,Mio Mart,4.62,/images/p/P0010.jpg
P0010,Frozen Soup,Household,Standard pack of frozen soup,Austin Fresh,4.55,/images/p/P0010.jpg
P0010,Frozen Soup,Household,Standard pack of frozen soup,Aadarsh Deals,4.54,/images/p/P0010.jpg
P0011,Soy Sauce,Beverages,Standard pack of soy sauce,Justin Groceries,13.32,/images/p/P0011.jpg
P0011,Soy Sauce,Beverages,Standard pack of soy sauce,Mio Mart,13.48,/images/p/P0011.jpg
P0011,Soy Sauce,Beverages,Standard pack of soy sauce,Austin Fresh,13.34,/images/p/P0011.jpg
P0011,Soy Sauce,Beverages,Standard pack of soy sauce,Aadarsh Deals,13.26,/images/p/P0011.jpg
P0012,Orange,Health,Standard pack of orange,Justin Groceries,2.18,/images/p/P0012.jpg
P0012,Orange,Health,Standard pack of orange,Mio Mart,2.5,/images/p/P0012.jpg
P0012,Orange,Health,Standard pack of orange,Austin Fresh,2.35,/images/p/P0012.jpg
P0012,Orange,Health,Standard pack of orange,Aadarsh Deals,2.3,/images/p/P0012.jpg
P0013,Smoothie,Fruit,Standard pack of smoothie,Justin Groceries,4.51,/images/p/P0013.jpg
P0013,Smoothie,Fruit,Standard pack of smoothie,Mio Mart,4.62,/images/p/P0013.jpg
P0013,Smoothie,Fruit,Standard pack of smoothie,Austin Fresh,4.39,/images/p/P0013.jpg
P0013,Smoothie,Fruit,Standard pack of smoothie,Aadarsh Deals,4.2,/images/p/P0013.jpg
P0014,Candy,Meat,Standard pack of candy,Justin Groceries,2.18,/images/p/P0014.jpg
P0014,Candy,Meat,Standard pack of candy,Mio Mart,2.09,/images/p/P0014.jpg
P0014,Candy,Meat,Standard pack of candy,Austin Fresh,2.36,/images/p/P0014.jpg
P0014,Candy,Meat,Standard pack of candy,Aadarsh Deals,2.2,/images/p/P0014.jpg
P0015,Glass Cleaner,Dairy,Standard pack of glass cleaner,Justin Groceries,5.25,/images/p/P0015.jpg
P0015,Glass Cleaner,Dairy,Standard pack of glass cleaner,Mio Mart,5.43,/images/p/P0015.jpg
P0015,Glass Cleaner,Dairy,Standard pack of glass cleaner,Austin Fresh,5.5,/images/p/P0015.jpg
P0015,Glass Cleaner,Dairy,Standard pack of glass cleaner,Aadarsh Deals,5.25,/images/p/P0015.jpg
P0016,Chicken Thigh,Beverages,Standard pack of chicken thigh,Justin Groceries,7.88,/images/p/P0016.jpg
P0016,Chicken Thigh,Beverages,Standard pack of chicken thigh,Mio Mart,7.9,/images/p/P0016.jpg
P0016,Chicken Thigh,Beverages,Standard pack of chicken thigh,Austin Fresh,7.62,/images/p/P0016.jpg
P0016,Chicken Thigh,Beverages,Standard pack of chicken thigh,Aadarsh Deals,7.8,/images/p/P0016.jpg
P0017,Tortilla,Frozen,Standard pack of tortilla,Justin Groceries,14.54,/images/p/P0017.jpg
P0017,Tortilla,Frozen,Standard pack of tortilla,Mio Mart,14.65,/images/p/P0017.jpg
P0017,Tortilla,Frozen,Standard pack of tortilla,Austin Fresh,14.72,/images/p/P0017.jpg
P0017,Tortilla,Frozen,Standard pack of tortilla,Aadarsh Deals,14.57,/images/p/P0017.jpg
P0018,Lotion,Fruit,Standard pack of lotion,Justin Groceries,13.25,/images/p/P0018.jpg
P0018,Lotion,Fruit,Standard pack of lotion,Mio Mart,13.56,/images/p/P0018.jpg
P0018,Lotion,Fruit,Standard pack of lotion,Austin Fresh,13.13,/images/p/P0018.jpg
P0018,Lotion,Fruit,Standard pack of lotion,Aadarsh Deals,13.6,/images/p/P0018.jpg
P0019,Popcorn,Pantry,Standard pack of popcorn,Justin Groceries,11.71,/images/p/P0019.jpg
P0019,Popcorn,Pantry,Standard pack of popcorn,Mio Mart,11.87,/images/p/P0019.jpg
P0019,Popcorn,Pantry,Standard pack of popcorn,Austin Fresh,11.59,/images/p/P0019.jpg
P0019,Popcorn,Pantry,Standard pack of popcorn,Aadarsh Deals,11.59,/images/p/P0019.jpg
P0020,Yogurt Drink,Frozen,Standard pack of yogurt drink,Justin Groceries,7.26,/images/p/P0020.jpg
P0020,Yogurt Drink,Frozen,Standard pack of yogurt drink,Mio Mart,7.37,/images/p/P0020.jpg
P0020,Yogurt Drink,Frozen,Standard pack of yogurt drink,Austin Fresh,7.46,/images/p/P0020.jpg
P0020,Yogurt Drink,Frozen,Standard pack of yogurt drink,Aadarsh Deals,7.62,/images/p/P0020.jpg
P0021,Whipping Cream,Snacks,Standard pack of whipping cream,Justin Groceries,7.76,/images/p/P0021.jpg
P0021,Whipping Cream,Snacks,Standard pack of whipping cream,Mio Mart,7.87,/images/p/P0021.jpg
P0021,Whipping Cream,Snacks,Standard pack of whipping cream,Austin Fresh,7.62,/images/p/P0021.jpg
P0021,Whipping Cream,Snacks,Standard pack of whipping cream,Aadarsh Deals,7.7,/images/p/P0021.jpg
P0022,Cream,Snacks,Standard pack of cream,Justin Groceries,3.52,/images/p/P0022.jpg
P0022,Cream,Snacks,Standard pack of cream,Mio Mart,3.63,/images/p/P0022.jpg
P0022,Cream,Snacks,Standard pack of cream,Austin Fresh,3.53,/images/p/P0022.jpg
P0022,Cream,Snacks,Standard pack of cream,Aadarsh Deals,3.71,/images/p/P0022.jpg
P0023,Frozen Fish,Fruit,Standard pack of frozen fish,Justin Groceries,4.75,/images/p/P0023.jpg
P0023,Frozen Fish,Fruit,Standard pack of frozen fish,Mio Mart,4.4,/images/p/P0023.jpg
P0023,Frozen Fish,Fruit,Standard pack of frozen fish,Austin Fresh,4.59,/images/p/P0023.jpg
P0023,Frozen Fish,Fruit,Standard pack of frozen fish,Aadarsh Deals,4.61,/images/p/P0023.jpg
P0024,Yogurt,Dairy,Standard pack of yogurt,Justin Groceries,4.85,/images/p/P0024.jpg
P0024,Yogurt,Dairy,Standard pack of yogurt,Mio Mart,4.73,/images/p/P0024.jpg
P0024,Yogurt,Dairy,Standard pack of yogurt,Austin Fresh,4.7,/images/p/P0024.jpg
P0024,Yogurt,Dairy,Standard pack of yogurt,Aadarsh Deals,4.89,/images/p/P0024.jpg
P0025,Dish Soap,Beverages,Standard pack of dish soap,Justin Groceries,13.25,/images/p/P0025.jpg
P0025,Dish Soap,Beverages,Standard pack of dish soap,Mio Mart,13.03,/images/p/P0025.jpg
P0025,Dish Soap,Beverages,Standard pack of dish soap,Austin Fresh,13.51,/images/p/P0025.jpg
P0025,Dish Soap,Beverages,Standard pack of dish soap,Aadarsh Deals,13.06,/images/p/P0025.jpg
P0026,Milk,Fruit,Standard pack of milk,Justin Groceries,10.29,/images/p/P0026.jpg
P0026,Milk,Fruit,Standard pack of milk,Mio Mart,10.28,/images/p/P0026.jpg
P0026,Milk,Fruit,Standard pack of milk,Austin Fresh,10.37,/images/p/P0026.jpg
P0026,Milk,Fruit,Standard pack of milk,Aadarsh Deals,10.38,/images/p/P0026.jpg
P0027,Frozen Pizza,Fruit,Standard pack of frozen pizza,Justin Groceries,10.47,/images/p/P0027.jpg
P0027,Frozen Pizza,Fruit,Standard pack of frozen pizza,Mio Mart,10.53,/images/p/P0027.jpg
P0027,Frozen Pizza,Fruit,Standard pack of frozen pizza,Austin Fresh,10.52,/images/p/P0027.jpg
P0027,Frozen Pizza,Fruit,Standard pack of frozen pizza,Aadarsh Deals,10.54,/images/p/P0027.jpg
P0028,Bagel,Health,Standard pack of bagel,Justin Groceries,9.16,/images/p/P0028.jpg
P0028,Bagel,Health,Standard pack of bagel,Mio Mart,8.88,/images/p/P0028.jpg
P0028,Bagel,Health,Standard pack of bagel,Austin Fresh,9.0,/images/p/P0028.jpg
P0028,Bagel,Health,Standard pack of bagel,Aadarsh Deals,9.05,/images/p/P0028.jpg
P0029,Frozen Meatballs,Bakery,Standard pack of frozen meatballs,Justin Groceries,1.81,/images/p/P0029.jpg
P0029,Frozen Meatballs,Bakery,Standard pack of frozen meatballs,Mio Mart,1.59,/images/p/P0029.jpg
P0029,Frozen Meatballs,Bakery,Standard pack of frozen meatballs,Austin Fresh,1.87,/images/p/P0029.jpg
P0029,Frozen Meatballs,Bakery,Standard pack of frozen meatballs,Aadarsh Deals,1.78,/images/p/P0029.jpg
P0030,Apple Juice,Pantry,Standard pack of apple juice,Justin Groceries,9.13,/images/p/P0030.jpg
P0030,Apple Juice,Pantry,Standard pack of apple juice,Mio Mart,8.94,/images/p/P0030.jpg
P0030,Apple Juice,Pantry,Standard pack of apple juice,Austin Fresh,8.93,/images/p/P0030.jpg
P0030,Apple Juice,Pantry,Standard pack of apple juice,Aadarsh Deals,9.28,/images/p/P0030.jpg
P0031,Ham,Health,Standard pack of ham,Justin Groceries,15.05,/images/p/P0031.jpg
P0031,Ham,Health,Standard pack of ham,Mio Mart,14.84,/images/p/P0031.jpg
P0031,Ham,Health,Standard pack of ham,Austin Fresh,14.69,/images/p/P0031.jpg
P0031,Ham,Health,Standard pack of ham,Aadarsh Deals,14.75,/images/p/P0031.jpg
P0032,Beef Steak,Beverages,Standard pack of beef steak,Justin Groceries,3.94,/images/p/P0032.jpg
P0032,Beef Steak,Beverages,Standard pack of beef steak,Mio Mart,3.69,/images/p/P0032.jpg
P0032,Beef Steak,Beverages,Standard pack of beef steak,Austin Fresh,3.7,/images/p/P0032.jpg
P0032,Beef Steak,Beverages,Standard pack of beef steak,Aadarsh Deals,3.57,/images/p/P0032.jpg
P0033,Bread Roll,Frozen,Standard pack of bread roll,Justin Groceries,10.58,/images/p/P0033.jpg
P0033,Bread Roll,Frozen,Standard pack of bread roll,Mio Mart,10.99,/images/p/P0033.jpg
P0033,Bread Roll,Frozen,Standard pack of bread roll,Austin Fresh,10.95,/images/p/P0033.jpg
P0033,Bread Roll,Frozen,Standard pack of bread roll,Aadarsh Deals,11.07,/images/p/P0033.jpg
P0034,Minced Beef,Meat,Standard pack of minced beef,Justin Groceries,3.19,/images/p/P0034.jpg
P0034,Minced Beef,Meat,Standard pack of minced beef,Mio Mart,3.46,/images/p/P0034.jpg
P0034,Minced Beef,Meat,Standard pack of minced beef,Austin Fresh,3.39,/images/p/P0034.jpg
P0034,Minced Beef,Meat,Standard pack of minced beef,Aadarsh Deals,3.47,/images/p/P0034.jpg
P0035,Frozen Nuggets,Health,Standard pack of frozen nuggets,Justin Groceries,1.57,/images/p/P0035.jpg
P0035,Frozen Nuggets,Health,Standard pack of frozen nuggets,Mio Mart,1.78,/images/p/P0035.jpg
P0035,Frozen Nuggets,Health,Standard pack of frozen nuggets,Austin Fresh,1.64,/images/p/P0035.jpg
P0035,Frozen Nuggets,Health,Standard pack of frozen nuggets,Aadarsh Deals,1.65,/images/p/P0035.jpg
P0036,Frozen Fries,Bakery,Standard pack of frozen fries,Justin Groceries,9.11,/images/p/P0036.jpg
P0036,Frozen Fries,Bakery,Standard pack of frozen fries,Mio Mart,9.45,/images/p/P0036.jpg
P0036,Frozen Fries,Bakery,Standard pack of frozen fries,Austin Fresh,9.12,/images/p/P0036.jpg
P0036,Frozen Fries,Bakery,Standard pack of frozen fries,Aadarsh Deals,9.19,/images/p/P0036.jpg
P0037,Toothpaste,Health,Standard pack of toothpaste,Justin Groceries,11.07,/images/p/P0037.jpg
P0037,Toothpaste,Health,Standard pack of toothpaste,Mio Mart,11.36,/images/p/P0037.jpg
P0037,Toothpaste,Health,Standard pack of toothpaste,Austin Fresh,11.09,/images/p/P0037.jpg
P0037,Toothpaste,Health,Standard pack of toothpaste,Aadarsh Deals,11.12,/images/p/P0037.jpg
P0038,Grapes,Snacks,Standard pack of grapes,Justin Groceries,11.51,/images/p/P0038.jpg
P0038,Grapes,Snacks,Standard pack of grapes,Mio Mart,11.73,/images/p/P0038.jpg
P0038,Grapes,Snacks,Standard pack of grapes,Austin Fresh,11.76,/images/p/P0038.jpg
P0038,Grapes,Snacks,Standard pack of grapes,Aadarsh Deals,11.66,/images/p/P0038.jpg
P0039,Muffin,Beverages,Standard pack of muffin,Justin Groceries,7.62,/images/p/P0039.jpg
P0039,Muffin,Beverages,Standard pack of muffin,Mio Mart,7.5,/images/p/P0039.jpg
P0039,Muffin,Beverages,Standard pack of muffin,Austin Fresh,7.65,/images/p/P0039.jpg
P0039,Muffin,Beverages,Standard pack of muffin,Aadarsh Deals,7.63,/images/p/P0039.jpg
P0040,Donut,Fruit,Standard pack of donut,Justin Groceries,5.87,/images/p/P0040.jpg
P0040,Donut,Fruit,Standard pack of donut,Mio Mart,5.63,/images/p/P0040.jpg
P0040,Donut,Fruit,Standard pack of donut,Austin Fresh,5.51,/images/p/P0040.jpg
P0040,Donut,Fruit,Standard pack of donut,Aadarsh Deals,5.51,/images/p/P0040.jpg
P0041,Floor Cleaner,Bakery,Standard pack of floor cleaner,Justin Groceries,3.26,/images/p/P0041.jpg
P0041,Floor Cleaner,Bakery,Standard pack of floor cleaner,Mio Mart,3.16,/images/p/P0041.jpg
P0041,Floor Cleaner,Bakery,Standard pack of floor cleaner,Austin Fresh,3.46,/images/p/P0041.jpg
P0041,Floor Cleaner,Bakery,Standard pack of floor cleaner,Aadarsh Deals,3.59,/images/p/P0041.jpg
P0042,Milk,Meat,Standard pack of milk,Justin Groceries,10.7,/images/p/P0042.jpg
P0042,Milk,Meat,Standard pack of milk,Mio Mart,10.54,/images/p/P0042.jpg
P0042,Milk,Meat,Standard pack of milk,Austin Fresh,10.51,/images/p/P0042.jpg
P0042,Milk,Meat,Standard pack of milk,Aadarsh Deals,10.38,/images/p/P0042.jpg
P0043,Banana,Pantry,Standard pack of banana,Justin Groceries,2.05,/images/p/P0043.jpg
P0043,Banana,Pantry,Standard pack of banana,Mio Mart,2.02,/images/p/P0043.jpg
P0043,Banana,Pantry,Standard pack of banana,Austin Fresh,1.89,/images/p/P0043.jpg
P0043,Banana,Pantry,Standard pack of banana,Aadarsh Deals,1.79,/images/p/P0043.jpg
P0044,Turkey Slices,Dairy,Standard pack of turkey slices,Justin Groceries,5.03,/images/p/P0044.jpg
P0044,Turkey Slices,Dairy,Standard pack of turkey slices,Mio Mart,4.97,/images/p/P0044.jpg
P0044,Turkey Slices,Dairy,Standard pack of turkey slices,Austin Fresh,5.11,/images/p/P0044.jpg
P0044,Turkey Slices,Dairy,Standard pack of turkey slices,Aadarsh Deals,5.11,/images/p/P0044.jpg
P0045,Onion,Snacks,Standard pack of onion,Justin Groceries,1.16,/images/p/P0045.jpg
P0045,Onion,Snacks,Standard pack of onion,Mio Mart,1.22,/images/p/P0045.jpg
P0045,Onion,Snacks,Standard pack of onion,Austin Fresh,1.19,/images/p/P0045.jpg
P0045,Onion,Snacks,Standard pack of onion,Aadarsh Deals,1.27,/images/p/P0045.jpg
P0046,Cookies,Snacks,Standard pack of cookies,Justin Groceries,4.66,/images/p/P0046.jpg
P0046,Cookies,Snacks,Standard pack of cookies,Mio Mart,4.67,/images/p/P0046.jpg
P0046,Cookies,Snacks,Standard pack of cookies,Austin Fresh,4.52,/images/p/P0046.jpg
P0046,Cookies,Snacks,Standard pack of cookies,Aadarsh Deals,4.68,/images/p/P0046.jpg
P0047,Soap,Health,Standard pack of soap,Justin Groceries,11.8,/images/p/P0047.jpg
P0047,Soap,Health,Standard pack of soap,Mio Mart,11.62,/images/p/P0047.jpg
P0047,Soap,Health,Standard pack of soap,Austin Fresh,11.49,/images/p/P0047.jpg
P0047,Soap,Health,Standard pack of soap,Aadarsh Deals,11.65,/images/p/P0047.jpg
P0048,Cottage Cheese,Meat,Standard pack of cottage cheese,Justin Groceries,2.68,/images/p/P0048.jpg
P0048,Cottage Cheese,Meat,Standard pack of cottage cheese,Mio Mart,2.66,/images/p/P0048.jpg
P0048,Cottage Cheese,Meat,Standard pack of cottage cheese,Austin Fresh,2.9,/images/p/P0048.jpg
P0048,Cottage Cheese,Meat,Standard pack of cottage cheese,Aadarsh Deals,3.0,/images/p/P0048.jpg
P0049,Cheese,Household,Standard pack of cheese,Justin Groceries,2.65,/images/p/P0049.jpg
P0049,Cheese,Household,Standard pack of cheese,Mio Mart,2.69,/images/p/P0049.jpg
P0049,Cheese,Household,Standard pack of cheese,Austin Fresh,2.41,/images/p/P0049.jpg
P0049,Cheese,Household,Standard pack of cheese,Aadarsh Deals,2.83,/images/p/P0049.jpg
P0050,Sugar,Frozen,Standard pack of sugar,Justin Groceries,13.79,/images/p/P0050.jpg
P0050,Sugar,Frozen,Standard pack of sugar,Mio Mart,13.91,/images/p/P0050.jpg
P0050,Sugar,Frozen,Standard pack of sugar,Austin Fresh,13.71,/images/p/P0050.jpg
P0050,Sugar,Frozen,Standard pack of sugar,Aadarsh Deals,13.99,/images/p/P0050.jpg
P0051,Pasta,Meat,Standard pack of pasta,Justin Groceries,4.82,/images/p/P0051.jpg
P0051,Pasta,Meat,Standard pack of pasta,Mio Mart,4.76,/images/p/P0051.jpg
P0051,Pasta,Meat,Standard pack of pasta,Austin Fresh,4.89,/images/p/P0051.jpg
P0051,Pasta,Meat,Standard pack of pasta,Aadarsh Deals,5.0,/images/p/P0051.jpg
P0052,Rice Cracker,Pantry,Standard pack of rice cracker,Justin Groceries,4.41,/images/p/P0052.jpg
P0052,Rice Cracker,Pantry,Standard pack of rice cracker,Mio Mart,4.68,/images/p/P0052.jpg
P0052,Rice Cracker,Pantry,Standard pack of rice cracker,Austin Fresh,4.49,/images/p/P0052.jpg
P0052,Rice Cracker,Pantry,Standard pack of rice cracker,Aadarsh Deals,4.49,/images/p/P0052.jpg
P0053,Canned Corn,Health,Standard pack of canned corn,Justin Groceries,3.58,/images/p/P0053.jpg
P0053,Canned Corn,Health,Standard pack of canned corn,Mio Mart,3.74,/images/p/P0053.jpg
P0053,Canned Corn,Health,Standard pack of canned corn,Austin Fresh,4.04,/images/p/P0053.jpg
P0053,Canned Corn,Health,Standard pack of canned corn,Aadarsh Deals,3.8,/images/p/P0053.jpg
P0054,Sponge,Household,Standard pack of sponge,Justin Groceries,3.95,/images/p/P0054.jpg
P0054,Sponge,Household,Standard pack of sponge,Mio Mart,4.17,/images/p/P0054.jpg
P0054,Sponge,Household,Standard pack of sponge,Austin Fresh,4.07,/images/p/P0054.jpg
P0054,Sponge,Household,Standard pack of sponge,Aadarsh Deals,3.94,/images/p/P0054.jpg
P0055,Gummy Bears,Dairy,Standard pack of gummy bears,Justin Groceries,14.8,/images/p/P0055.jpg
P0055,Gummy Bears,Dairy,Standard pack of gummy bears,Mio Mart,14.55,/images/p/P0055.jpg
P0055,Gummy Bears,Dairy,Standard pack of gummy bears,Austin Fresh,14.57,/images/p/P0055.jpg
P0055,Gummy Bears,Dairy,Standard pack of gummy bears,Aadarsh Deals,14.61,/images/p/P0055.jpg
P0056,Garlic,Meat,Standard pack of garlic,Justin Groceries,10.23,/images/p/P0056.jpg
P0056,Garlic,Meat,Standard pack of garlic,Mio Mart,10.17,/images/p/P0056.jpg
P0056,Garlic,Meat,Standard pack of garlic,Austin Fresh,10.21,/images/p/P0056.jpg
P0056,Garlic,Meat,Standard pack of garlic,Aadarsh Deals,10.37,/images/p/P0056.jpg
P0057,Tissue,Snacks,Standard pack of tissue,Justin Groceries,9.83,/images/p/P0057.jpg
P0057,Tissue,Snacks,Standard pack of tissue,Mio Mart,9.98,/images/p/P0057.jpg
P0057,Tissue,Snacks,Standard pack of tissue,Austin Fresh,10.01,/images/p/P0057.jpg
P0057,Tissue,Snacks,Standard pack of tissue,Aadarsh Deals,9.93,/images/p/P0057.jpg
P0058,Hand Sanitizer,Health,Standard pack of hand sanitizer,Justin Groceries,4.54,/images/p/P0058.jpg
P0058,Hand Sanitizer,Health,Standard pack of hand sanitizer,Mio Mart,4.79,/images/p/P0058.jpg
P0058,Hand Sanitizer,Health,Standard pack of hand sanitizer,Austin Fresh,4.6,/images/p/P0058.jpg
P0058,Hand Sanitizer,Health,Standard pack of hand sanitizer,Aadarsh Deals,4.82,/images/p/P0058.jpg
P0059,Chicken Breast,Health,Standard pack of chicken breast,Justin Groceries,11.83,/images/p/P0059.jpg
P0059,Chicken Breast,Health,Standard pack of chicken breast,Mio Mart,12.24,/images/p/P0059.jpg
P0059,Chicken Breast,Health,Standard pack of chicken breast,Austin Fresh,11.76,/images/p/P0059.jpg
P0059,Chicken Breast,Health,Standard pack of chicken breast,Aadarsh Deals,12.16,/images/p/P0059.jpg
P0060,Air Freshener,Meat,Standard pack of air freshener,Justin Groceries,7.09,/images/p/P0060.jpg
P0060,Air Freshener,Meat,Standard pack of air freshener,Mio Mart,7.01,/images/p/P0060.jpg
P0060,Air Freshener,Meat,Standard pack of air freshener,Austin Fresh,7.26,/images/p/P0060.jpg
P0060,Air Freshener,Meat,Standard pack of air freshener,Aadarsh Deals,6.99,/images/p/P0060.jpg
P0061,Olive Oil,Fruit,Standard pack of olive oil,Justin Groceries,8.59,/images/p/P0061.jpg
P0061,Olive Oil,Fruit,Standard pack of olive oil,Mio Mart,8.69,/images/p/P0061.jpg
P0061,Olive Oil,Fruit,Standard pack of olive oil,Austin Fresh,8.53,/images/p/P0061.jpg
P0061,Olive Oil,Fruit,Standard pack of olive oil,Aadarsh Deals,8.42,/images/p/P0061.jpg
P0062,Energy Drink,Bakery,Standard pack of energy drink,Justin Groceries,6.12,/images/p/P0062.jpg
P0062,Energy Drink,Bakery,Standard pack of energy drink,Mio Mart,6.56,/images/p/P0062.jpg
P0062,Energy Drink,Bakery,Standard pack of energy drink,Austin Fresh,6.52,/images/p/P0062.jpg
P0062,Energy Drink,Bakery,Standard pack of energy drink,Aadarsh Deals,6.5,/images/p/P0062.jpg
P0063,Sour Cream,Bakery,Standard pack of sour cream,Justin Groceries,2.2,/images/p/P0063.jpg
P0063,Sour Cream,Bakery,Standard pack of sour cream,Mio Mart,1.99,/images/p/P0063.jpg
P0063,Sour Cream,Bakery,Standard pack of sour cream,Austin Fresh,1.92,/images/p/P0063.jpg
P0063,Sour Cream,Bakery,Standard pack of sour cream,Aadarsh Deals,1.99,/images/p/P0063.jpg
P0064,Potato Chips,Health,Standard pack of potato chips,Justin Groceries,8.98,/images/p/P0064.jpg
P0064,Potato Chips,Health,Standard pack of potato chips,Mio Mart,8.88,/images/p/P0064.jpg
P0064,Potato Chips,Health,Standard pack of potato chips,Austin Fresh,8.94,/images/p/P0064.jpg
P0064,Potato Chips,Health,Standard pack of potato chips,Aadarsh Deals,8.98,/images/p/P0064.jpg
P0065,Cotton Buds,Snacks,Standard pack of cotton buds,Justin Groceries,13.89,/images/p/P0065.jpg
P0065,Cotton Buds,Snacks,Standard pack of cotton buds,Mio Mart,13.95,/images/p/P0065.jpg
P0065,Cotton Buds,Snacks,Standard pack of cotton buds,Austin Fresh,14.16,/images/p/P0065.jpg
P0065,Cotton Buds,Snacks,Standard pack of cotton buds,Aadarsh Deals,13.69,/images/p/P0065.jpg
P0066,Pita,Snacks,Standard pack of pita,Justin Groceries,6.84,/images/p/P0066.jpg
P0066,Pita,Snacks,Standard pack of pita,Mio Mart,6.8,/images/p/P0066.jpg
P0066,Pita,Snacks,Standard pack of pita,Austin Fresh,6.69,/images/p/P0066.jpg
P0066,Pita,Snacks,Standard pack of pita,Aadarsh Deals,6.63,/images/p/P0066.jpg
P0067,Nuts,Bakery,Standard pack of nuts,Justin Groceries,1.55,/images/p/P0067.jpg
P0067,Nuts,Bakery,Standard pack of nuts,Mio Mart,1.52,/images/p/P0067.jpg
P0067,Nuts,Bakery,Standard pack of nuts,Austin Fresh,1.23,/images/p/P0067.jpg
P0067,Nuts,Bakery,Standard pack of nuts,Aadarsh Deals,1.28,/images/p/P0067.jpg
P0068,Sausage,Snacks,Standard pack of sausage,Justin Groceries,5.46,/images/p/P0068.jpg
P0068,Sausage,Snacks,Standard pack of sausage,Mio Mart,5.7,/images/p/P0068.jpg
P0068,Sausage,Snacks,Standard pack of sausage,Austin Fresh,5.26,/images/p/P0068.jpg
P0068,Sausage,Snacks,Standard pack of sausage,Aadarsh Deals,5.72,/images/p/P0068.jpg
P0069,Salt,Beverages,Standard pack of salt,Justin Groceries,5.82,/images/p/P0069.jpg
P0069,Salt,Beverages,Standard pack of salt,Mio Mart,5.62,/images/p/P0069.jpg
P0069,Salt,Beverages,Standard pack of salt,Austin Fresh,5.81,/images/p/P0069.jpg
P0069,Salt,Beverages,Standard pack of salt,Aadarsh Deals,5.64,/images/p/P0069.jpg
P0070,Toilet Paper,Household,Standard pack of toilet paper,Justin Groceries,1.62,/images/p/P0070.jpg
P0070,Toilet Paper,Household,Standard pack of toilet paper,Mio Mart,1.92,/images/p/P0070.jpg
P0070,Toilet Paper,Household,Standard pack of toilet paper,Austin Fresh,1.57,/images/p/P0070.jpg
P0070,Toilet Paper,Household,Standard pack of toilet paper,Aadarsh Deals,1.49,/images/p/P0070.jpg
P0071,Crackers,Snacks,Standard pack of crackers,Justin Groceries,13.23,/images/p/P0071.jpg
P0071,Crackers,Snacks,Standard pack of crackers,Mio Mart,13.38,/images/p/P0071.jpg
P0071,Crackers,Snacks,Standard pack of crackers,Austin Fresh,13.22,/images/p/P0071.jpg
P0071,Crackers,Snacks,Standard pack of crackers,Aadarsh Deals,13.41,/images/p/P0071.jpg
P0072,Lemonade,Pantry,Standard pack of lemonade,Justin Groceries,1.46,/images/p/P0072.jpg
P0072,Lemonade,Pantry,Standard pack of lemonade,Mio Mart,1.31,/images/p/P0072.jpg
P0072,Lemonade,Pantry,Standard pack of lemonade,Austin Fresh,1.23,/images/p/P0072.jpg
P0072,Lemonade,Pantry,Standard pack of lemonade,Aadarsh Deals,1.3,/images/p/P0072.jpg
P0073,Insect Spray,Pantry,Standard pack of insect spray,Justin Groceries,4.75,/images/p/P0073.jpg
P0073,Insect Spray,Pantry,Standard pack of insect spray,Mio Mart,5.17,/images/p/P0073.jpg
P0073,Insect Spray,Pantry,Standard pack of insect spray,Austin Fresh,4.92,/images/p/P0073.jpg
P0073,Insect Spray,Pantry,Standard pack of insect spray,Aadarsh Deals,5.2,/images/p/P0073.jpg
P0074,Flour,Pantry,Standard pack of flour,Justin Groceries,13.25,/images/p/P0074.jpg
P0074,Flour,Pantry,Standard pack of flour,Mio Mart,13.16,/images/p/P0074.jpg
P0074,Flour,Pantry,Standard pack of flour,Austin Fresh,13.06,/images/p/P0074.jpg
P0074,Flour,Pantry,Standard pack of flour,Aadarsh Deals,13.19,/images/p/P0074.jpg
P0075,Pepper,Bakery,Standard pack of pepper,Justin Groceries,2.25,/images/p/P0075.jpg
P0075,Pepper,Bakery,Standard pack of pepper,Mio Mart,2.25,/images/p/P0075.jpg
P0075,Pepper,Bakery,Standard pack of pepper,Austin Fresh,2.59,/images/p/P0075.jpg
P0075,Pepper,Bakery,Standard pack of pepper,Aadarsh Deals,2.48,/images/p/P0075.jpg
P0076,Bacon,Health,Standard pack of bacon,Justin Groceries,5.24,/images/p/P0076.jpg
P0076,Bacon,Health,Standard pack of bacon,Mio Mart,5.48,/images/p/P0076.jpg
P0076,Bacon,Health,Standard pack of bacon,Austin Fresh,5.23,/images/p/P0076.jpg
P0076,Bacon,Health,Standard pack of bacon,Aadarsh Deals,5.26,/images/p/P0076.jpg
P0077,Frozen Berries,Snacks,Standard pack of frozen berries,Justin Groceries,1.3,/images/p/P0077.jpg
P0077,Frozen Berries,Snacks,Standard pack of frozen berries,Mio Mart,1.72,/images/p/P0077.jpg
P0077,Frozen Berries,Snacks,Standard pack of frozen berries,Austin Fresh,1.44,/images/p/P0077.jpg
P0077,Frozen Berries,Snacks,Standard pack of frozen berries,Aadarsh Deals,1.29,/images/p/P0077.jpg
P0078,Rice,Health,Standard pack of rice,Justin Groceries,8.06,/images/p/P0078.jpg
P0078,Rice,Health,Standard pack of rice,Mio Mart,8.09,/images/p/P0078.jpg
P0078,Rice,Health,Standard pack of rice,Austin Fresh,8.03,/images/p/P0078.jpg
P0078,Rice,Health,Standard pack of rice,Aadarsh Deals,7.89,/images/p/P0078.jpg
P0079,Toilet Cleaner,Pantry,Standard pack of toilet cleaner,Justin Groceries,5.37,/images/p/P0079.jpg
P0079,Toilet Cleaner,Pantry,Standard pack of toilet cleaner,Mio Mart,5.5,/images/p/P0079.jpg
P0079,Toilet Cleaner,Pantry,Standard pack of toilet cleaner,Austin Fresh,5.22,/images/p/P0079.jpg
P0079,Toilet Cleaner,Pantry,Standard pack of toilet cleaner,Aadarsh Deals,5.64,/images/p/P0079.jpg
P0080,Lamb Leg,Fruit,Standard pack of lamb leg,Justin Groceries,10.01,/images/p/P0080.jpg
P0080,Lamb Leg,Fruit,Standard pack of lamb leg,Mio Mart,9.72,/images/p/P0080.jpg
P0080,Lamb Leg,Fruit,Standard pack of lamb leg,Austin Fresh,10.1,/images/p/P0080.jpg
P0080,Lamb Leg,Fruit,Standard pack of lamb leg,Aadarsh Deals,10.08,/images/p/P0080.jpg
P0081,Tomato,Pantry,Standard pack of tomato,Justin Groceries,10.95,/images/p/P0081.jpg
P0081,Tomato,Pantry,Standard pack of tomato,Mio Mart,10.87,/images/p/P0081.jpg
P0081,Tomato,Pantry,Standard pack of tomato,Austin Fresh,10.66,/images/p/P0081.jpg
P0081,Tomato,Pantry,Standard pack of tomato,Aadarsh Deals,10.66,/images/p/P0081.jpg
P0082,Frozen Dumplings,Frozen,Standard pack of frozen dumplings,Justin Groceries,4.88,/images/p/P0082.jpg
P0082,Frozen Dumplings,Frozen,Standard pack of frozen dumplings,Mio Mart,4.85,/images/p/P0082.jpg
P0082,Frozen Dumplings,Frozen,Standard pack of frozen dumplings,Austin Fresh,4.94,/images/p/P0082.jpg
P0082,Frozen Dumplings,Frozen,Standard pack of frozen dumplings,Aadarsh Deals,4.81,/images/p/P0082.jpg
P0083,Iced Tea,Health,Standard pack of iced tea,Justin Groceries,9.92,/images/p/P0083.jpg
P0083,Iced Tea,Health,Standard pack of iced tea,Mio Mart,10.07,/images/p/P0083.jpg
P0083,Iced Tea,Health,Standard pack of iced tea,Austin Fresh,9.95,/images/p/P0083.jpg
P0083,Iced Tea,Health,Standard pack of iced tea,Aadarsh Deals,10.09,/images/p/P0083.jpg
P0084,Bandages,Fruit,Standard pack of bandages,Justin Groceries,5.24,/images/p/P0084.jpg
P0084,Bandages,Fruit,Standard pack of bandages,Mio Mart,5.21,/images/p/P0084.jpg
P0084,Bandages,Fruit,Standard pack of bandages,Austin Fresh,5.56,/images/p/P0084.jpg
P0084,Bandages,Fruit,Standard pack of bandages,Aadarsh Deals,5.53,/images/p/P0084.jpg
P0085,Cereal Bar,Fruit,Standard pack of cereal bar,Justin Groceries,9.26,/images/p/P0085.jpg
P0085,Cereal Bar,Fruit,Standard pack of cereal bar,Mio Mart,9.55,/images/p/P0085.jpg
P0085,Cereal Bar,Fruit,Standard pack of cereal bar,Austin Fresh,9.39,/images/p/P0085.jpg
P0085,Cereal Bar,Fruit,Standard pack of cereal bar,Aadarsh Deals,9.57,/images/p/P0085.jpg
P0086,Shampoo,Household,Standard pack of shampoo,Justin Groceries,8.31,/images/p/P0086.jpg
P0086,Shampoo,Household,Standard pack of shampoo,Mio Mart,8.47,/images/p/P0086.jpg
P0086,Shampoo,Household,Standard pack of shampoo,Austin Fresh,8.46,/images/p/P0086.jpg
P0086,Shampoo,Household,Standard pack of shampoo,Aadarsh Deals,8.46,/images/p/P0086.jpg
P0087,Detergent,Meat,Standard pack of detergent,Justin Groceries,5.13,/images/p/P0087.jpg
P0087,Detergent,Meat,Standard pack of detergent,Mio Mart,5.13,/images/p/P0087.jpg
P0087,Detergent,Meat,Standard pack of detergent,Austin Fresh,5.06,/images/p/P0087.jpg
P0087,Detergent,Meat,Standard pack of detergent,Aadarsh Deals,5.15,/images/p/P0087.jpg
P0088,Butter,Health,Standard pack of butter,Justin Groceries,6.71,/images/p/P0088.jpg
P0088,Butter,Health,Standard pack of butter,Mio Mart,6.49,/images/p/P0088.jpg
P0088,Butter,Health,Standard pack of butter,Austin Fresh,6.72,/images/p/P0088.jpg
P0088,Butter,Health,Standard pack of butter,Aadarsh Deals,6.53,/images/p/P0088.jpg
P0089,Frozen Peas,Health,Standard pack of frozen peas,Justin Groceries,12.65,/images/p/P0089.jpg
P0089,Frozen Peas,Health,Standard pack of frozen peas,Mio Mart,12.58,/images/p/P0089.jpg
P0089,Frozen Peas,Health,Standard pack of frozen peas,Austin Fresh,12.72,/images/p/P0089.jpg
P0089,Frozen Peas,Health,Standard pack of frozen peas,Aadarsh Deals,12.48,/images/p/P0089.jpg
P0090,Pork Belly,Health,Standard pack of pork belly,Justin Groceries,2.3,/images/p/P0090.jpg
P0090,Pork Belly,Health,Standard pack of pork belly,Mio Mart,2.35,/images/p/P0090.jpg
P0090,Pork Belly,Health,Standard pack of pork belly,Austin Fresh,2.22,/images/p/P0090.jpg
P0090,Pork Belly,Health,Standard pack of pork belly,Aadarsh Deals,2.1,/images/p/P0090.jpg
P0091,Cola,Dairy,Standard pack of cola,Justin Groceries,15.21,/images/p/P0091.jpg
P0091,Cola,Dairy,Standard pack of cola,Mio Mart,14.91,/images/p/P0091.jpg
P0091,Cola,Dairy,Standard pack of cola,Austin Fresh,15.19,/images/p/P0091.jpg
P0091,Cola,Dairy,Standard pack of cola,Aadarsh Deals,14.81,/images/p/P0091.jpg
P0092,Apple,Frozen,Standard pack of apple,Justin Groceries,3.7,/images/p/P0092.jpg
P0092,Apple,Frozen,Standard pack of apple,Mio Mart,4.12,/images/p/P0092.jpg
P0092,Apple,Frozen,Standard pack of apple,Austin Fresh,3.8,/images/p/P0092.jpg
P0092,Apple,Frozen,Standard pack of apple,Aadarsh Deals,4.17,/images/p/P0092.jpg
P0093,Baguette,Snacks,Standard pack of baguette,Justin Groceries,12.93,/images/p/P0093.jpg
P0093,Baguette,Snacks,Standard pack of baguette,Mio Mart,13.02,/images/p/P0093.jpg
P0093,Baguette,Snacks,Standard pack of baguette,Austin Fresh,13.23,/images/p/P0093.jpg
P0093,Baguette,Snacks,Standard pack of baguette,Aadarsh Deals,13.16,/images/p/P0093.jpg
P0094,Vinegar,Household,Standard pack of vinegar,Justin Groceries,12.07,/images/p/P0094.jpg
P0094,Vinegar,Household,Standard pack of vinegar,Mio Mart,12.07,/images/p/P0094.jpg
P0094,Vinegar,Household,Standard pack of vinegar,Austin Fresh,12.11,/images/p/P0094.jpg
P0094,Vinegar,Household,Standard pack of vinegar,Aadarsh Deals,12.2,/images/p/P0094.jpg
P0095,Potato,Bakery,Standard pack of potato,Justin Groceries,14.59,/images/p/P0095.jpg
P0095,Potato,Bakery,Standard pack of potato,Mio Mart,14.45,/images/p/P0095.jpg
P0095,Potato,Bakery,Standard pack of potato,Austin Fresh,14.31,/images/p/P0095.jpg
P0095,Potato,Bakery,Standard pack of potato,Aadarsh Deals,14.14,/images/p/P0095.jpg
P0096,Bread,Frozen,Standard pack of bread,Justin Groceries,1.08,/images/p/P0096.jpg
P0096,Bread,Frozen,Standard pack of bread,Mio Mart,1.3,/images/p/P0096.jpg
P0096,Bread,Frozen,Standard pack of bread,Austin Fresh,1.2,/images/p/P0096.jpg
P0096,Bread,Frozen,Standard pack of bread,Aadarsh Deals,1.52,/images/p/P0096.jpg
P0097,Orange Juice,Bakery,Standard pack of orange juice,Justin Groceries,14.6,/images/p/P0097.jpg
P0097,Orange Juice,Bakery,Standard pack of orange juice,Mio Mart,14.92,/images/p/P0097.jpg
P0097,Orange Juice,Bakery,Standard pack of orange juice,Austin Fresh,14.53,/images/p/P0097.jpg
P0097,Orange Juice,Bakery,Standard pack of orange juice,Aadarsh Deals,14.86,/images/p/P0097.jpg
P0098,Chocolate Biscuit,Meat,Standard pack of chocolate biscuit,Justin Groceries,13.83,/images/p/P0098.jpg
P0098,Chocolate Biscuit,Meat,Standard pack of chocolate biscuit,Mio Mart,13.57,/images/p/P0098.jpg
P0098,Chocolate Biscuit,Meat,Standard pack of chocolate biscuit,Austin Fresh,13.52,/images/p/P0098.jpg
P0098,Chocolate Biscuit,Meat,Standard pack of chocolate biscuit,Aadarsh Deals,13.95,/images/p/P0098.jpg
P0099,Bun,Meat,Standard pack of bun,Justin Groceries,10.36,/images/p/P0099.jpg
P0099,Bun,Meat,Standard pack of bun,Mio Mart,10.2,/images/p/P0099.jpg
P0099,Bun,Meat,Standard pack of bun,Austin Fresh,10.02,/images/p/P0099.jpg
P0099,Bun,Meat,Standard pack of bun,Aadarsh Deals,10.13,/images/p/P0099.jpg
P0100,Croissant,Pantry,Standard pack of croissant,Justin Groceries,5.38,/images/p/P0100.jpg
P0100,Croissant,Pantry,Standard pack of croissant,Mio Mart,5.47,/images/p/P0100.jpg
P0100,Croissant,Pantry,Standard pack of croissant,Austin Fresh,5.35,/images/p/P0100.jpg
P0100,Croissant,Pantry,Standard pack of croissant,Aadarsh Deals,5.12,/images/p/P0100.jpg
